{"val_auc":0.7735252970928712,"_wandb":{"runtime":274},"loss_val":0.26381775736808777,"val_recall":0.6706896551724137,"_runtime":274.381428564,"_timestamp":1.7440448490896685e+09,"val_precision":0.24888035828534869,"test_auc":0.7654467014530277,"test_f1":0.34527439024390244,"test_precision":0.23053435114503817,"val_acc":0.7305566521910778,"_step":47,"val_f1":0.3630424638357443,"epoch":47,"test_acc":0.6947948125777225,"test_recall":0.6874051593323217}