{"test_precision":0.25196137598068796,"test_recall":0.633535660091047,"epoch":56,"val_auc":0.7576973188617462,"val_recall":0.7120689655172414,"_step":56,"val_acc":0.6709435452033162,"_runtime":153.887206225,"test_auc":0.7605694867230698,"test_f1":0.36053540587219346,"val_f1":0.33132771760930607,"_wandb":{"runtime":153},"loss_val":0.35296180844306946,"_timestamp":1.744042749193283e+09,"val_precision":0.2158912702561422,"test_acc":0.7368982057203767}