Epoch,Train AUC,Train Accuracy,Train F1,Train Recall,Train Precision,Train W_distance,Train critic_loss,Train gen_loss,Train total_loss,Val AUC,Val Accuracy,Val F1,Val Recall,Val Precision,Val W_distance,Val critic_loss,Val gen_loss,Val total_loss,Test AUC,Test Accuracy,Test F1,Test Recall,Test Precision,Test W_distance,Test critic_loss,Test gen_loss,Test total_loss,Iteration
18,0.718240079552538,0.7701998873873874,0.3546155366673255,0.5400361228175797,0.2639788110653325,0.2893452225504694,-1.4173820274819091,0.3248244199129912,0.3245426421935107,0.7407087467403911,0.6990894958916278,0.3374083129584352,0.6521739130434783,0.2275725593667546,0.0004936456680297,"tensor(-0.0005, device='cuda:0')",0.3216867446899414,0.3216862380504608,0.6408758992318733,0.6171171171171171,0.6916565900846433,0.8854489164086687,0.5674603174603174,0.083745002746582,"tensor(-0.0837, device='cuda:0')",1.3360533714294434,1.3359695672988892,<built-in function iter>
10,0.6907065962329317,0.7063626126126126,0.3099569963612306,0.5744941753525444,0.21223103057757645,0.3727649769804499,-1.760628287135078,0.331971668982291,0.3316127062668469,0.6861521831648459,0.6660004441483456,0.3069124423963134,0.6235955056179775,0.20354523227383864,0.3395542502403259,"tensor(-0.3396, device='cuda:0')",0.3410217761993408,0.3406822085380554,0.4753450252281364,0.521021021021021,0.4744645799011532,0.4458204334365325,0.5070422535211268,0.38906657695770264,"tensor(-0.3891, device='cuda:0')",1.3091436624526978,1.308754563331604,<built-in function iter>
