{"loss_val":0.35296180844306946,"_step":56,"_wandb":{"runtime":128},"val_f1":0.20539396673587848,"val_acc_std":0.0429593562174888,"val_precision":0.48249999999999993,"val_auc":0.7614296505393613,"val_recall":0.14418782606282607,"val_auc_std":0.10319211011645808,"val_recall_std":0.15183812039839,"epoch":56,"val_f1_std":0.19511904282279904,"val_precision_std":0.42986512742693817,"_timestamp":1.7440403065022688e+09,"_runtime":128.896456274,"val_acc":0.8883984375}