{"val_precision":0.2183507549361208,"_timestamp":1.7440435371282365e+09,"epoch":27,"test_auc":0.597626502566232,"val_auc":0.6023736682706351,"test_recall":0.456752655538695,"test_precision":0.15934356802541028,"loss_val":0.0721401572227478,"val_acc":0.7897749703908409,"_wandb":{"runtime":60},"_runtime":60.694229724,"val_recall":0.32413793103448274,"test_acc":0.6542902824658021,"val_f1":0.2609299097848716,"_step":27,"test_f1":0.23626373626373628}