Epoch,Train AUC,Train Accuracy,Train F1,Train Recall,Train Precision,Train W_distance,Train critic_loss,Train gen_loss,Train total_loss,Val AUC,Val Accuracy,Val F1,Val Recall,Val Precision,Val W_distance,Val critic_loss,Val gen_loss,Val total_loss,Test AUC,Test Accuracy,Test F1,Test Recall,Test Precision,Test W_distance,Test critic_loss,Test gen_loss,Test total_loss,Iteration
5,0.7316953572061907,0.7451113398203593,0.3474068750748593,0.5797521487107735,0.2480119709277469,0.2875885911687405,-0.2516108960705157,0.3135682060913055,0.3133165951952348,0.7474891530787058,0.7274705751721074,0.35055038103302283,0.6282245827010622,0.24310041103934232,-1.1325531005859375,"tensor(1.1326, device='cuda:0')",0.3206680715084076,0.3218006193637848,0.6362906064681512,0.6201201201201201,0.6743886743886744,0.8111455108359134,0.5770925110132159,-0.1588592529296875,"tensor(0.1589, device='cuda:0')",1.3529616594314575,1.3531205654144287,<built-in function iter>
