{"val_auc":0.6181205512936799,"test_auc":0.6122839083056762,"loss_val":1.1585395336151123,"test_recall":0.5455235204855842,"_timestamp":1.744044992506361e+09,"val_acc":0.7530596131069878,"test_precision":0.15788317962231005,"val_f1":0.25491363907087555,"test_acc":0.6061467400959318,"_wandb":{"runtime":70},"_step":31,"val_precision":0.19472247497725204,"val_recall":0.3689655172413793,"test_f1":0.24489100817438691,"epoch":31,"_runtime":68.797532882}