{"val_acc":0.6709435452033162,"test_precision":0.25196137598068796,"_timestamp":1.7440413534524195e+09,"val_precision":0.2158912702561422,"test_f1":0.36053540587219346,"_wandb":{"runtime":118},"loss_val":0.35296180844306946,"epoch":56,"_runtime":118.672803873,"val_recall":0.7120689655172414,"test_auc":0.7605694867230698,"test_recall":0.633535660091047,"val_f1":0.33132771760930607,"_step":56,"val_auc":0.7576973188617462,"test_acc":0.7368982057203767}