{"epoch":129,"loss_val":0.40444737672805786,"val_auc":0.7594789152458992,"val_acc":0.7258191867350967,"_timestamp":1.7440434748230255e+09,"val_recall":0.6448275862068965,"_wandb":{"runtime":268},"_runtime":268.39185292,"test_f1":0.3308395677472984,"test_auc":0.7606320014166944,"_step":129,"test_precision":0.21183734298488396,"test_acc":0.6424764611831586,"test_recall":0.7549317147192717,"val_f1":0.35002339728591486,"val_precision":0.24020552344251767}