{"_wandb":{"runtime":93},"epoch":44,"val_recall":0.3724137931034483,"_runtime":93.928543338,"val_acc":0.7491117252270035,"_timestamp":1.744041684859077e+09,"_step":44,"val_auc":0.6143407843559272,"val_f1":0.25366999412800945,"val_precision":0.1923419412288513,"loss_val":0.8772406578063965,"test_auc":0.6090374187461645,"test_recall":0.5386949924127465,"test_acc":0.606857345887369,"test_f1":0.24290112897707833,"test_precision":0.15680212014134276}