{"test_recall":0.6676783004552352,"val_recall":0.6741379310344827,"loss_val":0.6951645016670227,"test_precision":0.253675410781205,"test_f1":0.3676624190515981,"test_auc":0.7756108349642622,"val_auc":0.7763132811659261,"test_acc":0.7311245336649493,"_runtime":162.763150829,"val_precision":0.24483406386975579,"_timestamp":1.7440442984614897e+09,"_wandb":{"runtime":162},"val_acc":0.7246348203711015,"val_f1":0.3592099219108865,"_step":27,"epoch":27}