{"val_recall_std":0.11089621667644636,"_timestamp":1.7440403870229573e+09,"_runtime":78.60523688399999,"val_auc_std":0.11612149286633229,"val_acc_std":0.04405301039213296,"val_precision_std":0.4123768873778945,"val_precision":0.3515773809523809,"val_acc":0.8858593750000001,"val_f1_std":0.15454667681538567,"val_f1":0.1304504252627318,"val_recall":0.08720626595626595,"loss_val":0.25329628586769104,"epoch":22,"_step":22,"val_auc":0.7272838430542965,"_wandb":{"runtime":80}}