{"test_f1":0.24290112897707833,"val_acc":0.7491117252270035,"_step":44,"val_precision":0.1923419412288513,"test_recall":0.5386949924127465,"loss_val":0.8772406578063965,"val_recall":0.3724137931034483,"_timestamp":1.744043106109569e+09,"test_precision":0.15680212014134276,"_wandb":{"runtime":97},"epoch":44,"val_f1":0.25366999412800945,"val_auc":0.6143407843559272,"test_auc":0.6090374187461645,"_runtime":97.861084734,"test_acc":0.606857345887369}