{"test_auc":0.7654467014530277,"_runtime":274.420945217,"_step":47,"_timestamp":1.7440434343467774e+09,"test_acc":0.6947948125777225,"test_precision":0.23053435114503817,"test_f1":0.34527439024390244,"val_f1":0.3630424638357443,"loss_val":0.26381775736808777,"val_recall":0.6706896551724137,"val_auc":0.7735252970928712,"val_acc":0.7305566521910778,"test_recall":0.6874051593323217,"epoch":47,"val_precision":0.24888035828534869,"_wandb":{"runtime":274}}