{"test_recall":0.44233687405159333,"_timestamp":1.7440435909514182e+09,"val_recall":0.44310344827586207,"_runtime":52.188619321,"test_acc":0.6559779712204654,"val_precision":0.1601246105919003,"test_f1":0.23139511807898394,"_wandb":{"runtime":52},"_step":23,"test_auc":0.5927535623452398,"loss_val":0.37629255652427673,"test_precision":0.15667831228164472,"val_f1":0.23524027459954233,"val_acc":0.6701539676273194,"val_auc":0.5912255753532061,"epoch":23}