{"test_f1":0.33885622661678244,"val_acc":0.6476510067114094,"val_precision":0.20991815117958595,"test_precision":0.22142025611175786,"_runtime":138.172956225,"test_auc":0.7571798392784628,"epoch":65,"loss_val":0.4317464232444763,"val_f1":0.32818968761761386,"val_recall":0.7517241379310344,"test_acc":0.6703677384970688,"_timestamp":1.744044264613091e+09,"_step":65,"test_recall":0.7215477996965098,"val_auc":0.7643586560487032,"_wandb":{"runtime":138}}