{"val_f1":0.24967320261437906,"_wandb":{"runtime":244},"test_auc":0.6305636550715522,"_runtime":244.25692391,"_step":42,"test_f1":0.2614660917287338,"val_precision":0.15403225806451612,"val_acc":0.5467824713778129,"loss_val":1.049294114112854,"test_recall":0.5060698027314112,"val_recall":0.6586206896551724,"val_auc":0.6361974802834873,"epoch":42,"test_acc":0.6653046722330787,"_timestamp":1.7440439612225752e+09,"test_precision":0.17626849894291755}