{"val_recall":0.6258620689655172,"test_recall":0.6570561456752656,"_timestamp":1.7440441249103854e+09,"test_precision":0.21885266616123325,"test_auc":0.7306490689203506,"val_precision":0.21215663354763295,"epoch":38,"_wandb":{"runtime":82},"_step":38,"val_acc":0.6910777733912357,"loss_val":0.5646228790283203,"val_auc":0.717884568081541,"test_f1":0.3283412322274882,"_runtime":82.650018201,"val_f1":0.31689218681798337,"test_acc":0.6852904601172499}