{"val_f1":0.23205741626794257,"test_f1":0.22212086659064997,"test_auc":0.5886230890655008,"_wandb":{"runtime":91},"_runtime":91.302616556,"val_precision":0.17765567765567766,"loss_val":10.093361854553223,"test_acc":0.6970154556759638,"test_precision":0.1587870883599609,"test_recall":0.36949924127465855,"epoch":25,"val_acc":0.7465455981050139,"val_recall":0.33448275862068966,"val_auc":0.5908320137746552,"_step":25,"_timestamp":1.7440431993582702e+09}