{"val_acc":0.6263324121594946,"test_f1":0.35571260306242636,"_wandb":{"runtime":251},"epoch":72,"_step":72,"_timestamp":1.7440430025902712e+09,"test_acc":0.7084739740628886,"_runtime":251.652434845,"val_auc":0.7734680308084922,"test_recall":0.6874051593323217,"test_auc":0.7739669809448496,"val_f1":0.33085896076352067,"val_recall":0.8068965517241379,"val_precision":0.20809248554913296,"loss_val":0.25137123465538025,"test_precision":0.2399364406779661}