{"epoch":43,"val_recall":0.5258620689655172,"test_precision":0.15312131919905772,"test_recall":0.5918057663125948,"loss_val":0.02719658613204956,"_wandb":{"runtime":92},"test_auc":0.6114910632230408,"val_f1":0.24969300040933284,"_timestamp":1.7440440407080219e+09,"_step":43,"val_acc":0.6381760757994474,"_runtime":92.455449794,"val_precision":0.16371443907675792,"val_auc":0.6238089381524129,"test_acc":0.5690175874933381,"test_f1":0.24329382407985028}