{"val_precision":0.20809248554913296,"val_f1":0.33085896076352067,"val_auc":0.7734680308084922,"_step":72,"val_acc":0.6263324121594946,"_timestamp":1.7440449222054718e+09,"test_f1":0.35571260306242636,"test_auc":0.7739669809448496,"val_recall":0.8068965517241379,"_runtime":237.00478481,"test_recall":0.6874051593323217,"epoch":72,"test_acc":0.7084739740628886,"test_precision":0.2399364406779661,"loss_val":0.25137123465538025,"_wandb":{"runtime":237}}