{"val_precision":0.23553934340802501,"_wandb":{"runtime":279},"test_precision":0.25417101147028154,"val_auc":0.795897966086061,"val_recall":0.7793103448275862,"_step":29,"_timestamp":1.7440437154660616e+09,"val_acc":0.6851559415712594,"epoch":29,"test_acc":0.7154023805294013,"test_recall":0.7397572078907435,"test_f1":0.37834691501746215,"val_f1":0.36174469787915164,"_runtime":279.31445332,"test_auc":0.801684996168208,"loss_val":0.26468512415885925}