{"loss_val":0.36914461851119995,"val_auc":0.7498331975340907,"_timestamp":1.744043946731051e+09,"_wandb":{"runtime":186},"val_f1":0.33766233766233766,"_step":57,"test_recall":0.6911987860394537,"val_acc":0.697986577181208,"_runtime":186.538910696,"test_precision":0.2235034347399411,"epoch":57,"test_auc":0.7517736540639893,"test_f1":0.3377827215424546,"val_recall":0.6724137931034483,"val_precision":0.2254335260115607,"test_acc":0.6827145141232901}