{"val_auc":0.6186015496487155,"epoch":50,"test_acc":0.6615739918280334,"val_f1":0.25171339563862927,"val_precision":0.19707317073170733,"_timestamp":1.744043758697183e+09,"_runtime":166.202306692,"val_acc":0.7629293328069483,"loss_val":-831.3683471679688,"val_recall":0.3482758620689655,"test_recall":0.44385432473444614,"_wandb":{"runtime":166},"_step":50,"test_auc":0.6011733527111074,"test_precision":0.15974877116329875,"test_f1":0.2349397590361446}